scheme_id,scheme_name,retrieval_text,official_url,source_name,rule_version
CG001,Central Sector Scheme of Scholarship for College and University Students (CSSS),"Scheme Name: Central Sector Scheme of Scholarship for College and University Students (CSSS). Category: Scholarship. Study Level: UG/PG. Target Group: Meritorious students from low-income families. Description: Central Sector Scheme of Scholarship for College and University Students (CSSS) is a scholarship initiative for meritorious students from low-income families, covering UG/PG education/research.. Eligibility: Primarily intended for meritorious students from low-income families. Applicable study level: UG/PG. Applicants must satisfy the scheme's current official conditions and documentation requirements.. Benefits: Scholarship-based financial assistance toward eligible education expenses, subject to the applicable scheme rules.. Keywords: Central Sector Scheme of Scholarship for College and University Students (CSSS), Scholarship, UG/PG, Meritorious students from low-income families, Ministry of Education.",https://scholarships.gov.in/,National Scholarship Portal,v1.0
CG002,National Means-cum-Merit Scholarship Scheme (NMMSS),"Scheme Name: National Means-cum-Merit Scholarship Scheme (NMMSS). Category: Scholarship. Study Level: School. Target Group: Meritorious students from economically weaker sections. Description: National Means-cum-Merit Scholarship Scheme (NMMSS) is a scholarship initiative for meritorious students from economically weaker sections, covering School education/research.. Eligibility: Primarily intended for meritorious students from economically weaker sections. Applicable study level: School. Applicants must satisfy the scheme's current official conditions and documentation requirements.. Benefits: Scholarship-based financial assistance toward eligible education expenses, subject to the applicable scheme rules.. Keywords: National Means-cum-Merit Scholarship Scheme (NMMSS), Scholarship, School, Meritorious students from economically weaker sections, Department of School Education & Literacy.",https://scholarships.gov.in/,National Scholarship Portal,v1.0
CG003,Pre-Matric Scholarship for Students with Disabilities,"Scheme Name: Pre-Matric Scholarship for Students with Disabilities. Category: Scholarship. Study Level: School. Target Group: Students with disabilities. Description: Pre-Matric Scholarship for Students with Disabilities is a scholarship initiative for students with disabilities, covering School education/research.. Eligibility: Primarily intended for students with disabilities. Applicable study level: School. Applicants must satisfy the scheme's current official conditions and documentation requirements.. Benefits: Scholarship-based financial assistance toward eligible education expenses, subject to the applicable scheme rules.. Keywords: Pre-Matric Scholarship for Students with Disabilities, Scholarship, School, Students with disabilities, Department of Empowerment of Persons with Disabilities.",https://scholarships.gov.in/,National Scholarship Portal,v1.0
CG004,Post-Matric Scholarship for Students with Disabilities,"Scheme Name: Post-Matric Scholarship for Students with Disabilities. Category: Scholarship. Study Level: Class XI/UG/PG. Target Group: Students with disabilities. Description: Post-Matric Scholarship for Students with Disabilities is a scholarship initiative for students with disabilities, covering Class XI/UG/PG education/research.. Eligibility: Primarily intended for students with disabilities. Applicable study level: Class XI/UG/PG. Applicants must satisfy the scheme's current official conditions and documentation requirements.. Benefits: Scholarship-based financial assistance toward eligible education expenses, subject to the applicable scheme rules.. Keywords: Post-Matric Scholarship for Students with Disabilities, Scholarship, Class XI/UG/PG, Students with disabilities, Department of Empowerment of Persons with Disabilities.",https://scholarships.gov.in/,National Scholarship Portal,v1.0
CG005,Scholarship for Top Class Education for Students with Disabilities,"Scheme Name: Scholarship for Top Class Education for Students with Disabilities. Category: Scholarship. Study Level: UG/PG. Target Group: Students with disabilities admitted to notified institutions. Description: Scholarship for Top Class Education for Students with Disabilities is a scholarship initiative for students with disabilities admitted to notified institutions, covering UG/PG education/research.. Eligibility: Primarily intended for students with disabilities admitted to notified institutions. Applicable study level: UG/PG. Applicants must satisfy the scheme's current official conditions and documentation requirements.. Benefits: Scholarship-based financial assistance toward eligible education expenses, subject to the applicable scheme rules.. Keywords: Scholarship for Top Class Education for Students with Disabilities, Scholarship, UG/PG, Students with disabilities admitted to notified institutions, Department of Empowerment of Persons with Disabilities.",https://scholarships.gov.in/,National Scholarship Portal,v1.0
CG006,National Fellowship for Scheduled Caste Students,"Scheme Name: National Fellowship for Scheduled Caste Students. Category: Fellowship. Study Level: PhD. Target Group: Scheduled Caste research scholars. Description: National Fellowship for Scheduled Caste Students is a fellowship initiative for scheduled caste research scholars, covering PhD education/research.. Eligibility: Primarily intended for scheduled caste research scholars. Applicable study level: PhD. Applicants must satisfy the scheme's current official conditions and documentation requirements.. Benefits: Financial support for eligible academic or research study, subject to the applicable fellowship rules.. Keywords: National Fellowship for Scheduled Caste Students, Fellowship, PhD, Scheduled Caste research scholars, Ministry of Social Justice and Empowerment.",https://socialjustice.gov.in/,Ministry of Social Justice and Empowerment,v1.0
CG007,Top Class Education Scheme for SC Students,"Scheme Name: Top Class Education Scheme for SC Students. Category: Scholarship. Study Level: UG/PG. Target Group: Scheduled Caste students. Description: Top Class Education Scheme for SC Students is a scholarship initiative for scheduled caste students, covering UG/PG education/research.. Eligibility: Primarily intended for scheduled caste students. Applicable study level: UG/PG. Applicants must satisfy the scheme's current official conditions and documentation requirements.. Benefits: Scholarship-based financial assistance toward eligible education expenses, subject to the applicable scheme rules.. Keywords: Top Class Education Scheme for SC Students, Scholarship, UG/PG, Scheduled Caste students, Ministry of Social Justice and Empowerment.",https://socialjustice.gov.in/,Ministry of Social Justice and Empowerment,v1.0
CG008,Post-Matric Scholarship for SC Students,"Scheme Name: Post-Matric Scholarship for SC Students. Category: Scholarship. Study Level: Post-matric/UG/PG. Target Group: Scheduled Caste students. Description: Post-Matric Scholarship for SC Students is a scholarship initiative for scheduled caste students, covering Post-matric/UG/PG education/research.. Eligibility: Primarily intended for scheduled caste students. Applicable study level: Post-matric/UG/PG. Applicants must satisfy the scheme's current official conditions and documentation requirements.. Benefits: Scholarship-based financial assistance toward eligible education expenses, subject to the applicable scheme rules.. Keywords: Post-Matric Scholarship for SC Students, Scholarship, Post-matric/UG/PG, Scheduled Caste students, Ministry of Social Justice and Empowerment.",https://socialjustice.gov.in/,Ministry of Social Justice and Empowerment,v1.0
CG009,Pre-Matric Scholarship for SC Students,"Scheme Name: Pre-Matric Scholarship for SC Students. Category: Scholarship. Study Level: School. Target Group: Scheduled Caste students. Description: Pre-Matric Scholarship for SC Students is a scholarship initiative for scheduled caste students, covering School education/research.. Eligibility: Primarily intended for scheduled caste students. Applicable study level: School. Applicants must satisfy the scheme's current official conditions and documentation requirements.. Benefits: Scholarship-based financial assistance toward eligible education expenses, subject to the applicable scheme rules.. Keywords: Pre-Matric Scholarship for SC Students, Scholarship, School, Scheduled Caste students, Ministry of Social Justice and Empowerment.",https://socialjustice.gov.in/,Ministry of Social Justice and Empowerment,v1.0
CG010,National Fellowship and Scholarship for Higher Education of ST Students,"Scheme Name: National Fellowship and Scholarship for Higher Education of ST Students. Category: Fellowship/Scholarship. Study Level: UG/PG/PhD. Target Group: Scheduled Tribe students and research scholars. Description: National Fellowship and Scholarship for Higher Education of ST Students is a fellowship/scholarship initiative for scheduled tribe students and research scholars, covering UG/PG/PhD education/research.. Eligibility: Primarily intended for scheduled tribe students and research scholars. Applicable study level: UG/PG/PhD. Applicants must satisfy the scheme's current official conditions and documentation requirements.. Benefits: Financial support for eligible academic or research study, subject to the applicable fellowship rules.. Keywords: National Fellowship and Scholarship for Higher Education of ST Students, Fellowship/Scholarship, UG/PG/PhD, Scheduled Tribe students and research scholars, Ministry of Tribal Affairs.",https://tribal.nic.in/,Ministry of Tribal Affairs,v1.0
CG011,Post-Matric Scholarship for ST Students,"Scheme Name: Post-Matric Scholarship for ST Students. Category: Scholarship. Study Level: Post-matric/UG/PG. Target Group: Scheduled Tribe students. Description: Post-Matric Scholarship for ST Students is a scholarship initiative for scheduled tribe students, covering Post-matric/UG/PG education/research.. Eligibility: Primarily intended for scheduled tribe students. Applicable study level: Post-matric/UG/PG. Applicants must satisfy the scheme's current official conditions and documentation requirements.. Benefits: Scholarship-based financial assistance toward eligible education expenses, subject to the applicable scheme rules.. Keywords: Post-Matric Scholarship for ST Students, Scholarship, Post-matric/UG/PG, Scheduled Tribe students, Ministry of Tribal Affairs.",https://tribal.nic.in/,Ministry of Tribal Affairs,v1.0
CG012,Pre-Matric Scholarship for ST Students,"Scheme Name: Pre-Matric Scholarship for ST Students. Category: Scholarship. Study Level: School. Target Group: Scheduled Tribe students. Description: Pre-Matric Scholarship for ST Students is a scholarship initiative for scheduled tribe students, covering School education/research.. Eligibility: Primarily intended for scheduled tribe students. Applicable study level: School. Applicants must satisfy the scheme's current official conditions and documentation requirements.. Benefits: Scholarship-based financial assistance toward eligible education expenses, subject to the applicable scheme rules.. Keywords: Pre-Matric Scholarship for ST Students, Scholarship, School, Scheduled Tribe students, Ministry of Tribal Affairs.",https://tribal.nic.in/,Ministry of Tribal Affairs,v1.0
CG013,Ishan Uday Special Scholarship Scheme for North Eastern Region,"Scheme Name: Ishan Uday Special Scholarship Scheme for North Eastern Region. Category: Scholarship. Study Level: UG. Target Group: Students from North Eastern states. Description: Ishan Uday Special Scholarship Scheme for North Eastern Region is a scholarship initiative for students from north eastern states, covering UG education/research.. Eligibility: Primarily intended for students from north eastern states. Applicable study level: UG. Applicants must satisfy the scheme's current official conditions and documentation requirements.. Benefits: Scholarship-based financial assistance toward eligible education expenses, subject to the applicable scheme rules.. Keywords: Ishan Uday Special Scholarship Scheme for North Eastern Region, Scholarship, UG, Students from North Eastern states, University Grants Commission / Ministry of Education.",https://scholarships.gov.in/,National Scholarship Portal,v1.0
CG014,National Scholarship for Post Graduate Studies,"Scheme Name: National Scholarship for Post Graduate Studies. Category: Scholarship. Study Level: PG. Target Group: Postgraduate students. Description: National Scholarship for Post Graduate Studies is a scholarship initiative for postgraduate students, covering PG education/research.. Eligibility: Primarily intended for postgraduate students. Applicable study level: PG. Applicants must satisfy the scheme's current official conditions and documentation requirements.. Benefits: Scholarship-based financial assistance toward eligible education expenses, subject to the applicable scheme rules.. Keywords: National Scholarship for Post Graduate Studies, Scholarship, PG, Postgraduate students, University Grants Commission / Ministry of Education.",https://scholarships.gov.in/,National Scholarship Portal,v1.0
CG015,AICTE Pragati Scholarship Scheme for Girl Students,"Scheme Name: AICTE Pragati Scholarship Scheme for Girl Students. Category: Scholarship. Study Level: Diploma/UG. Target Group: Girl students pursuing technical education. Description: AICTE Pragati Scholarship Scheme for Girl Students is a scholarship initiative for girl students pursuing technical education, covering Diploma/UG education/research.. Eligibility: Primarily intended for girl students pursuing technical education. Applicable study level: Diploma/UG. Applicants must satisfy the scheme's current official conditions and documentation requirements.. Benefits: Scholarship-based financial assistance toward eligible education expenses, subject to the applicable scheme rules.. Keywords: AICTE Pragati Scholarship Scheme for Girl Students, Scholarship, Diploma/UG, Girl students pursuing technical education, All India Council for Technical Education.",https://scholarships.gov.in/,National Scholarship Portal,v1.0
CG016,AICTE Saksham Scholarship Scheme,"Scheme Name: AICTE Saksham Scholarship Scheme. Category: Scholarship. Study Level: Diploma/UG. Target Group: Specially-abled students pursuing technical education. Description: AICTE Saksham Scholarship Scheme is a scholarship initiative for specially-abled students pursuing technical education, covering Diploma/UG education/research.. Eligibility: Primarily intended for specially-abled students pursuing technical education. Applicable study level: Diploma/UG. Applicants must satisfy the scheme's current official conditions and documentation requirements.. Benefits: Scholarship-based financial assistance toward eligible education expenses, subject to the applicable scheme rules.. Keywords: AICTE Saksham Scholarship Scheme, Scholarship, Diploma/UG, Specially-abled students pursuing technical education, All India Council for Technical Education.",https://scholarships.gov.in/,National Scholarship Portal,v1.0
CG017,AICTE Swanath Scholarship Scheme,"Scheme Name: AICTE Swanath Scholarship Scheme. Category: Scholarship. Study Level: Diploma/UG. Target Group: Students meeting AICTE Swanath eligibility conditions. Description: AICTE Swanath Scholarship Scheme is a scholarship initiative for students meeting aicte swanath eligibility conditions, covering Diploma/UG education/research.. Eligibility: Primarily intended for students meeting aicte swanath eligibility conditions. Applicable study level: Diploma/UG. Applicants must satisfy the scheme's current official conditions and documentation requirements.. Benefits: Scholarship-based financial assistance toward eligible education expenses, subject to the applicable scheme rules.. Keywords: AICTE Swanath Scholarship Scheme, Scholarship, Diploma/UG, Students meeting AICTE Swanath eligibility conditions, All India Council for Technical Education.",https://scholarships.gov.in/,National Scholarship Portal,v1.0
CG018,Maulana Azad National Fellowship,"Scheme Name: Maulana Azad National Fellowship. Category: Fellowship. Study Level: MPhil/PhD. Target Group: Students from notified minority communities. Description: Maulana Azad National Fellowship is a fellowship initiative for students from notified minority communities, covering MPhil/PhD education/research.. Eligibility: Primarily intended for students from notified minority communities. Applicable study level: MPhil/PhD. Applicants must satisfy the scheme's current official conditions and documentation requirements.. Benefits: Financial support for eligible academic or research study, subject to the applicable fellowship rules.. Keywords: Maulana Azad National Fellowship, Fellowship, MPhil/PhD, Students from notified minority communities, Ministry of Minority Affairs.",https://minorityaffairs.gov.in/,Ministry of Minority Affairs,v1.0
CG019,Merit-cum-Means Scholarship for Professional and Technical Courses,"Scheme Name: Merit-cum-Means Scholarship for Professional and Technical Courses. Category: Scholarship. Study Level: UG/PG. Target Group: Students from minority communities. Description: Merit-cum-Means Scholarship for Professional and Technical Courses is a scholarship initiative for students from minority communities, covering UG/PG education/research.. Eligibility: Primarily intended for students from minority communities. Applicable study level: UG/PG. Applicants must satisfy the scheme's current official conditions and documentation requirements.. Benefits: Scholarship-based financial assistance toward eligible education expenses, subject to the applicable scheme rules.. Keywords: Merit-cum-Means Scholarship for Professional and Technical Courses, Scholarship, UG/PG, Students from minority communities, Ministry of Minority Affairs.",https://minorityaffairs.gov.in/,Ministry of Minority Affairs,v1.0
CG020,Post-Matric Scholarship Scheme for Minorities,"Scheme Name: Post-Matric Scholarship Scheme for Minorities. Category: Scholarship. Study Level: Class XI/UG/PG. Target Group: Students from minority communities. Description: Post-Matric Scholarship Scheme for Minorities is a scholarship initiative for students from minority communities, covering Class XI/UG/PG education/research.. Eligibility: Primarily intended for students from minority communities. Applicable study level: Class XI/UG/PG. Applicants must satisfy the scheme's current official conditions and documentation requirements.. Benefits: Scholarship-based financial assistance toward eligible education expenses, subject to the applicable scheme rules.. Keywords: Post-Matric Scholarship Scheme for Minorities, Scholarship, Class XI/UG/PG, Students from minority communities, Ministry of Minority Affairs.",https://minorityaffairs.gov.in/,Ministry of Minority Affairs,v1.0
CG021,Scholarship Scheme for Students from Minority Communities,"Scheme Name: Scholarship Scheme for Students from Minority Communities. Category: Scholarship. Study Level: School/UG/PG. Target Group: Eligible minority students. Description: Scholarship Scheme for Students from Minority Communities is a scholarship initiative for eligible minority students, covering School/UG/PG education/research.. Eligibility: Primarily intended for eligible minority students. Applicable study level: School/UG/PG. Applicants must satisfy the scheme's current official conditions and documentation requirements.. Benefits: Scholarship-based financial assistance toward eligible education expenses, subject to the applicable scheme rules.. Keywords: Scholarship Scheme for Students from Minority Communities, Scholarship, School/UG/PG, Eligible minority students, Ministry of Minority Affairs.",https://minorityaffairs.gov.in/,Ministry of Minority Affairs,v1.0
CG022,National Overseas Scholarship,"Scheme Name: National Overseas Scholarship. Category: Scholarship. Study Level: PG/PhD. Target Group: Eligible SC and other notified-category students. Description: National Overseas Scholarship is a scholarship initiative for eligible sc and other notified-category students, covering PG/PhD education/research.. Eligibility: Primarily intended for eligible sc and other notified-category students. Applicable study level: PG/PhD. Applicants must satisfy the scheme's current official conditions and documentation requirements.. Benefits: Scholarship-based financial assistance toward eligible education expenses, subject to the applicable scheme rules.. Keywords: National Overseas Scholarship, Scholarship, PG/PhD, Eligible SC and other notified-category students, Ministry of Social Justice and Empowerment.",https://socialjustice.gov.in/,Ministry of Social Justice and Empowerment,v1.0
CG023,National Overseas Scholarship for ST Students,"Scheme Name: National Overseas Scholarship for ST Students. Category: Scholarship. Study Level: PG/PhD. Target Group: Scheduled Tribe students seeking overseas study. Description: National Overseas Scholarship for ST Students is a scholarship initiative for scheduled tribe students seeking overseas study, covering PG/PhD education/research.. Eligibility: Primarily intended for scheduled tribe students seeking overseas study. Applicable study level: PG/PhD. Applicants must satisfy the scheme's current official conditions and documentation requirements.. Benefits: Scholarship-based financial assistance toward eligible education expenses, subject to the applicable scheme rules.. Keywords: National Overseas Scholarship for ST Students, Scholarship, PG/PhD, Scheduled Tribe students seeking overseas study, Ministry of Tribal Affairs.",https://tribal.nic.in/,Ministry of Tribal Affairs,v1.0
CG024,Scholarship Scheme for Wards of Beedi/Cine/IOMC/ LSDM Workers,"Scheme Name: Scholarship Scheme for Wards of Beedi/Cine/IOMC/ LSDM Workers. Category: Scholarship. Study Level: School/UG/PG. Target Group: Eligible wards of specified workers. Description: Scholarship Scheme for Wards of Beedi/Cine/IOMC/ LSDM Workers is a scholarship initiative for eligible wards of specified workers, covering School/UG/PG education/research.. Eligibility: Primarily intended for eligible wards of specified workers. Applicable study level: School/UG/PG. Applicants must satisfy the scheme's current official conditions and documentation requirements.. Benefits: Scholarship-based financial assistance toward eligible education expenses, subject to the applicable scheme rules.. Keywords: Scholarship Scheme for Wards of Beedi/Cine/IOMC/ LSDM Workers, Scholarship, School/UG/PG, Eligible wards of specified workers, Ministry of Labour and Employment.",https://scholarships.gov.in/,National Scholarship Portal,v1.0
CG025,Prime Minister’s Scholarship Scheme for RPF/RPSF,"Scheme Name: Prime Minister’s Scholarship Scheme for RPF/RPSF. Category: Scholarship. Study Level: UG/Professional. Target Group: Wards of eligible RPF/RPSF personnel. Description: Prime Minister’s Scholarship Scheme for RPF/RPSF is a scholarship initiative for wards of eligible rpf/rpsf personnel, covering UG/Professional education/research.. Eligibility: Primarily intended for wards of eligible rpf/rpsf personnel. Applicable study level: UG/Professional. Applicants must satisfy the scheme's current official conditions and documentation requirements.. Benefits: Scholarship-based financial assistance toward eligible education expenses, subject to the applicable scheme rules.. Keywords: Prime Minister’s Scholarship Scheme for RPF/RPSF, Scholarship, UG/Professional, Wards of eligible RPF/RPSF personnel, Ministry of Railways.",https://scholarships.gov.in/,National Scholarship Portal,v1.0
CG026,Prime Minister’s Scholarship Scheme for CAPF and Assam Rifles,"Scheme Name: Prime Minister’s Scholarship Scheme for CAPF and Assam Rifles. Category: Scholarship. Study Level: UG/Professional. Target Group: Wards of eligible CAPF/Assam Rifles personnel. Description: Prime Minister’s Scholarship Scheme for CAPF and Assam Rifles is a scholarship initiative for wards of eligible capf/assam rifles personnel, covering UG/Professional education/research.. Eligibility: Primarily intended for wards of eligible capf/assam rifles personnel. Applicable study level: UG/Professional. Applicants must satisfy the scheme's current official conditions and documentation requirements.. Benefits: Scholarship-based financial assistance toward eligible education expenses, subject to the applicable scheme rules.. Keywords: Prime Minister’s Scholarship Scheme for CAPF and Assam Rifles, Scholarship, UG/Professional, Wards of eligible CAPF/Assam Rifles personnel, Ministry of Home Affairs.",https://scholarships.gov.in/,National Scholarship Portal,v1.0
CG027,Prime Minister’s Scholarship Scheme for Ex-Servicemen,"Scheme Name: Prime Minister’s Scholarship Scheme for Ex-Servicemen. Category: Scholarship. Study Level: UG/Professional. Target Group: Wards and widows of eligible ex-servicemen. Description: Prime Minister’s Scholarship Scheme for Ex-Servicemen is a scholarship initiative for wards and widows of eligible ex-servicemen, covering UG/Professional education/research.. Eligibility: Primarily intended for wards and widows of eligible ex-servicemen. Applicable study level: UG/Professional. Applicants must satisfy the scheme's current official conditions and documentation requirements.. Benefits: Scholarship-based financial assistance toward eligible education expenses, subject to the applicable scheme rules.. Keywords: Prime Minister’s Scholarship Scheme for Ex-Servicemen, Scholarship, UG/Professional, Wards and widows of eligible ex-servicemen, Ministry of Defence.",https://scholarships.gov.in/,National Scholarship Portal,v1.0
CG028,Scholarship for Children of Armed Forces Personnel,"Scheme Name: Scholarship for Children of Armed Forces Personnel. Category: Scholarship. Study Level: School/UG. Target Group: Eligible children of armed forces personnel. Description: Scholarship for Children of Armed Forces Personnel is a scholarship initiative for eligible children of armed forces personnel, covering School/UG education/research.. Eligibility: Primarily intended for eligible children of armed forces personnel. Applicable study level: School/UG. Applicants must satisfy the scheme's current official conditions and documentation requirements.. Benefits: Scholarship-based financial assistance toward eligible education expenses, subject to the applicable scheme rules.. Keywords: Scholarship for Children of Armed Forces Personnel, Scholarship, School/UG, Eligible children of armed forces personnel, Ministry of Defence.",https://scholarships.gov.in/,National Scholarship Portal,v1.0
CG029,National Fellowship for Persons with Disabilities,"Scheme Name: National Fellowship for Persons with Disabilities. Category: Fellowship. Study Level: MPhil/PhD. Target Group: Research scholars with disabilities. Description: National Fellowship for Persons with Disabilities is a fellowship initiative for research scholars with disabilities, covering MPhil/PhD education/research.. Eligibility: Primarily intended for research scholars with disabilities. Applicable study level: MPhil/PhD. Applicants must satisfy the scheme's current official conditions and documentation requirements.. Benefits: Financial support for eligible academic or research study, subject to the applicable fellowship rules.. Keywords: National Fellowship for Persons with Disabilities, Fellowship, MPhil/PhD, Research scholars with disabilities, Department of Empowerment of Persons with Disabilities.",https://scholarships.gov.in/,National Scholarship Portal,v1.0
CG030,Karnataka Minority Welfare Department Pre-Matric Scholarship,"Scheme Name: Karnataka Minority Welfare Department Pre-Matric Scholarship. Category: Scholarship. Study Level: School. Target Group: Minority students in Karnataka. Description: Karnataka Minority Welfare Department Pre-Matric Scholarship is a scholarship initiative for minority students in karnataka, covering School education/research.. Eligibility: Primarily intended for minority students in karnataka. Applicable study level: School. Applicants must satisfy the scheme's current official conditions and documentation requirements.. Benefits: Scholarship-based financial assistance toward eligible education expenses, subject to the applicable scheme rules.. Keywords: Karnataka Minority Welfare Department Pre-Matric Scholarship, Scholarship, School, Minority students in Karnataka, Karnataka Department of Minorities.",https://dom.karnataka.gov.in/,Government of Karnataka,v1.0
CG031,Karnataka Minority Welfare Department Post-Matric Scholarship,"Scheme Name: Karnataka Minority Welfare Department Post-Matric Scholarship. Category: Scholarship. Study Level: Class XI/UG/PG. Target Group: Minority students in Karnataka. Description: Karnataka Minority Welfare Department Post-Matric Scholarship is a scholarship initiative for minority students in karnataka, covering Class XI/UG/PG education/research.. Eligibility: Primarily intended for minority students in karnataka. Applicable study level: Class XI/UG/PG. Applicants must satisfy the scheme's current official conditions and documentation requirements.. Benefits: Scholarship-based financial assistance toward eligible education expenses, subject to the applicable scheme rules.. Keywords: Karnataka Minority Welfare Department Post-Matric Scholarship, Scholarship, Class XI/UG/PG, Minority students in Karnataka, Karnataka Department of Minorities.",https://dom.karnataka.gov.in/,Government of Karnataka,v1.0
CG032,Karnataka Minority Welfare Department Merit-cum-Means Scholarship,"Scheme Name: Karnataka Minority Welfare Department Merit-cum-Means Scholarship. Category: Scholarship. Study Level: UG/PG/Professional. Target Group: Minority students pursuing professional or technical courses. Description: Karnataka Minority Welfare Department Merit-cum-Means Scholarship is a scholarship initiative for minority students pursuing professional or technical courses, covering UG/PG/Professional education/research.. Eligibility: Primarily intended for minority students pursuing professional or technical courses. Applicable study level: UG/PG/Professional. Applicants must satisfy the scheme's current official conditions and documentation requirements.. Benefits: Scholarship-based financial assistance toward eligible education expenses, subject to the applicable scheme rules.. Keywords: Karnataka Minority Welfare Department Merit-cum-Means Scholarship, Scholarship, UG/PG/Professional, Minority students pursuing professional or technical courses, Karnataka Department of Minorities.",https://dom.karnataka.gov.in/,Government of Karnataka,v1.0
CG033,Karnataka Minority Welfare Department Vidyasiri Scheme,"Scheme Name: Karnataka Minority Welfare Department Vidyasiri Scheme. Category: Educational support. Study Level: School/UG/PG. Target Group: Eligible minority students requiring educational support. Description: Karnataka Minority Welfare Department Vidyasiri Scheme is a educational support initiative for eligible minority students requiring educational support, covering School/UG/PG education/research.. Eligibility: Primarily intended for eligible minority students requiring educational support. Applicable study level: School/UG/PG. Applicants must satisfy the scheme's current official conditions and documentation requirements.. Benefits: Education-related financial assistance/support for eligible beneficiaries, subject to scheme rules.. Keywords: Karnataka Minority Welfare Department Vidyasiri Scheme, Educational support, School/UG/PG, Eligible minority students requiring educational support, Karnataka Department of Minorities.",https://dom.karnataka.gov.in/,Government of Karnataka,v1.0
CG034,Karnataka Social Welfare Department Post-Matric Scholarship,"Scheme Name: Karnataka Social Welfare Department Post-Matric Scholarship. Category: Scholarship. Study Level: Post-matric/UG/PG. Target Group: SC students in Karnataka. Description: Karnataka Social Welfare Department Post-Matric Scholarship is a scholarship initiative for sc students in karnataka, covering Post-matric/UG/PG education/research.. Eligibility: Primarily intended for sc students in karnataka. Applicable study level: Post-matric/UG/PG. Applicants must satisfy the scheme's current official conditions and documentation requirements.. Benefits: Scholarship-based financial assistance toward eligible education expenses, subject to the applicable scheme rules.. Keywords: Karnataka Social Welfare Department Post-Matric Scholarship, Scholarship, Post-matric/UG/PG, SC students in Karnataka, Karnataka Social Welfare Department.",https://sw.kar.nic.in/,Karnataka Social Welfare Department,v1.0
CG035,Karnataka Social Welfare Department Pre-Matric Scholarship,"Scheme Name: Karnataka Social Welfare Department Pre-Matric Scholarship. Category: Scholarship. Study Level: School. Target Group: SC students in Karnataka. Description: Karnataka Social Welfare Department Pre-Matric Scholarship is a scholarship initiative for sc students in karnataka, covering School education/research.. Eligibility: Primarily intended for sc students in karnataka. Applicable study level: School. Applicants must satisfy the scheme's current official conditions and documentation requirements.. Benefits: Scholarship-based financial assistance toward eligible education expenses, subject to the applicable scheme rules.. Keywords: Karnataka Social Welfare Department Pre-Matric Scholarship, Scholarship, School, SC students in Karnataka, Karnataka Social Welfare Department.",https://sw.kar.nic.in/,Karnataka Social Welfare Department,v1.0
CG036,Karnataka Tribal Welfare Department Post-Matric Scholarship,"Scheme Name: Karnataka Tribal Welfare Department Post-Matric Scholarship. Category: Scholarship. Study Level: Post-matric/UG/PG. Target Group: ST students in Karnataka. Description: Karnataka Tribal Welfare Department Post-Matric Scholarship is a scholarship initiative for st students in karnataka, covering Post-matric/UG/PG education/research.. Eligibility: Primarily intended for st students in karnataka. Applicable study level: Post-matric/UG/PG. Applicants must satisfy the scheme's current official conditions and documentation requirements.. Benefits: Scholarship-based financial assistance toward eligible education expenses, subject to the applicable scheme rules.. Keywords: Karnataka Tribal Welfare Department Post-Matric Scholarship, Scholarship, Post-matric/UG/PG, ST students in Karnataka, Karnataka Tribal Welfare Department.",https://stwelfare.kar.nic.in/,Karnataka Tribal Welfare Department,v1.0
CG037,Karnataka Tribal Welfare Department Pre-Matric Scholarship,"Scheme Name: Karnataka Tribal Welfare Department Pre-Matric Scholarship. Category: Scholarship. Study Level: School. Target Group: ST students in Karnataka. Description: Karnataka Tribal Welfare Department Pre-Matric Scholarship is a scholarship initiative for st students in karnataka, covering School education/research.. Eligibility: Primarily intended for st students in karnataka. Applicable study level: School. Applicants must satisfy the scheme's current official conditions and documentation requirements.. Benefits: Scholarship-based financial assistance toward eligible education expenses, subject to the applicable scheme rules.. Keywords: Karnataka Tribal Welfare Department Pre-Matric Scholarship, Scholarship, School, ST students in Karnataka, Karnataka Tribal Welfare Department.",https://stwelfare.kar.nic.in/,Karnataka Tribal Welfare Department,v1.0
CG038,Karnataka Backward Classes Welfare Department Post-Matric Scholarship,"Scheme Name: Karnataka Backward Classes Welfare Department Post-Matric Scholarship. Category: Scholarship. Study Level: Post-matric/UG/PG. Target Group: Eligible backward-class students in Karnataka. Description: Karnataka Backward Classes Welfare Department Post-Matric Scholarship is a scholarship initiative for eligible backward-class students in karnataka, covering Post-matric/UG/PG education/research.. Eligibility: Primarily intended for eligible backward-class students in karnataka. Applicable study level: Post-matric/UG/PG. Applicants must satisfy the scheme's current official conditions and documentation requirements.. Benefits: Scholarship-based financial assistance toward eligible education expenses, subject to the applicable scheme rules.. Keywords: Karnataka Backward Classes Welfare Department Post-Matric Scholarship, Scholarship, Post-matric/UG/PG, Eligible backward-class students in Karnataka, Karnataka Backward Classes Welfare Department.",https://bcwd.karnataka.gov.in/,Government of Karnataka,v1.0
CG039,Karnataka Backward Classes Welfare Department Pre-Matric Scholarship,"Scheme Name: Karnataka Backward Classes Welfare Department Pre-Matric Scholarship. Category: Scholarship. Study Level: School. Target Group: Eligible backward-class students in Karnataka. Description: Karnataka Backward Classes Welfare Department Pre-Matric Scholarship is a scholarship initiative for eligible backward-class students in karnataka, covering School education/research.. Eligibility: Primarily intended for eligible backward-class students in karnataka. Applicable study level: School. Applicants must satisfy the scheme's current official conditions and documentation requirements.. Benefits: Scholarship-based financial assistance toward eligible education expenses, subject to the applicable scheme rules.. Keywords: Karnataka Backward Classes Welfare Department Pre-Matric Scholarship, Scholarship, School, Eligible backward-class students in Karnataka, Karnataka Backward Classes Welfare Department.",https://bcwd.karnataka.gov.in/,Government of Karnataka,v1.0
CG040,Karnataka Brahmin Development Board Scholarship,"Scheme Name: Karnataka Brahmin Development Board Scholarship. Category: Scholarship. Study Level: School/UG/PG. Target Group: Eligible beneficiaries under Karnataka Brahmin Development Board schemes. Description: Karnataka Brahmin Development Board Scholarship is a scholarship initiative for eligible beneficiaries under karnataka brahmin development board schemes, covering School/UG/PG education/research.. Eligibility: Primarily intended for eligible beneficiaries under karnataka brahmin development board schemes. Applicable study level: School/UG/PG. Applicants must satisfy the scheme's current official conditions and documentation requirements.. Benefits: Scholarship-based financial assistance toward eligible education expenses, subject to the applicable scheme rules.. Keywords: Karnataka Brahmin Development Board Scholarship, Scholarship, School/UG/PG, Eligible beneficiaries under Karnataka Brahmin Development Board schemes, Karnataka Brahmin Development Board.",https://kdb.karnataka.gov.in/,Government of Karnataka,v1.0
CG041,Karnataka Devaraj Urs Backward Classes Development Corporation Educational Loan,"Scheme Name: Karnataka Devaraj Urs Backward Classes Development Corporation Educational Loan. Category: Educational support. Study Level: Higher education/professional. Target Group: Eligible backward-class students in Karnataka. Description: Karnataka Devaraj Urs Backward Classes Development Corporation Educational Loan is a educational support initiative for eligible backward-class students in karnataka, covering Higher education/professional education/research.. Eligibility: Primarily intended for eligible backward-class students in karnataka. Applicable study level: Higher education/professional. Applicants must satisfy the scheme's current official conditions and documentation requirements.. Benefits: Education-related financial assistance/support for eligible beneficiaries, subject to scheme rules.. Keywords: Karnataka Devaraj Urs Backward Classes Development Corporation Educational Loan, Educational support, Higher education/professional, Eligible backward-class students in Karnataka, Karnataka Devaraj Urs Backward Classes Development Corporation.",https://dbcdc.karnataka.gov.in/,Government of Karnataka,v1.0
CG042,Karnataka Minority Development Corporation Educational Loan,"Scheme Name: Karnataka Minority Development Corporation Educational Loan. Category: Educational support. Study Level: Higher education/professional. Target Group: Eligible minority students in Karnataka. Description: Karnataka Minority Development Corporation Educational Loan is a educational support initiative for eligible minority students in karnataka, covering Higher education/professional education/research.. Eligibility: Primarily intended for eligible minority students in karnataka. Applicable study level: Higher education/professional. Applicants must satisfy the scheme's current official conditions and documentation requirements.. Benefits: Education-related financial assistance/support for eligible beneficiaries, subject to scheme rules.. Keywords: Karnataka Minority Development Corporation Educational Loan, Educational support, Higher education/professional, Eligible minority students in Karnataka, Karnataka Minority Development Corporation.",https://kmdc.karnataka.gov.in/,Government of Karnataka,v1.0
CG043,Karnataka Valmiki Development Corporation Educational Loan,"Scheme Name: Karnataka Valmiki Development Corporation Educational Loan. Category: Educational support. Study Level: Higher education/professional. Target Group: Eligible ST beneficiaries in Karnataka. Description: Karnataka Valmiki Development Corporation Educational Loan is a educational support initiative for eligible st beneficiaries in karnataka, covering Higher education/professional education/research.. Eligibility: Primarily intended for eligible st beneficiaries in karnataka. Applicable study level: Higher education/professional. Applicants must satisfy the scheme's current official conditions and documentation requirements.. Benefits: Education-related financial assistance/support for eligible beneficiaries, subject to scheme rules.. Keywords: Karnataka Valmiki Development Corporation Educational Loan, Educational support, Higher education/professional, Eligible ST beneficiaries in Karnataka, Karnataka Maharshi Valmiki Scheduled Tribes Development Corporation.",https://kmvstdcl.karnataka.gov.in/,Government of Karnataka,v1.0
CG044,Karnataka Ambedkar Development Corporation Educational Loan,"Scheme Name: Karnataka Ambedkar Development Corporation Educational Loan. Category: Educational support. Study Level: Higher education/professional. Target Group: Eligible SC beneficiaries in Karnataka. Description: Karnataka Ambedkar Development Corporation Educational Loan is a educational support initiative for eligible sc beneficiaries in karnataka, covering Higher education/professional education/research.. Eligibility: Primarily intended for eligible sc beneficiaries in karnataka. Applicable study level: Higher education/professional. Applicants must satisfy the scheme's current official conditions and documentation requirements.. Benefits: Education-related financial assistance/support for eligible beneficiaries, subject to scheme rules.. Keywords: Karnataka Ambedkar Development Corporation Educational Loan, Educational support, Higher education/professional, Eligible SC beneficiaries in Karnataka, Karnataka Dr. B. R. Ambedkar Development Corporation.",https://adcl.karnataka.gov.in/,Government of Karnataka,v1.0
CG045,Karnataka Arya Vaishya Community Development Corporation Educational Loan,"Scheme Name: Karnataka Arya Vaishya Community Development Corporation Educational Loan. Category: Educational support. Study Level: Higher education/professional. Target Group: Eligible Arya Vaishya beneficiaries in Karnataka. Description: Karnataka Arya Vaishya Community Development Corporation Educational Loan is a educational support initiative for eligible arya vaishya beneficiaries in karnataka, covering Higher education/professional education/research.. Eligibility: Primarily intended for eligible arya vaishya beneficiaries in karnataka. Applicable study level: Higher education/professional. Applicants must satisfy the scheme's current official conditions and documentation requirements.. Benefits: Education-related financial assistance/support for eligible beneficiaries, subject to scheme rules.. Keywords: Karnataka Arya Vaishya Community Development Corporation Educational Loan, Educational support, Higher education/professional, Eligible Arya Vaishya beneficiaries in Karnataka, Karnataka Arya Vaishya Community Development Corporation.",https://kavcdc.karnataka.gov.in/,Government of Karnataka,v1.0
CG046,Karnataka Uppara Development Corporation Educational Loan,"Scheme Name: Karnataka Uppara Development Corporation Educational Loan. Category: Educational support. Study Level: Higher education/professional. Target Group: Eligible Uppara community beneficiaries in Karnataka. Description: Karnataka Uppara Development Corporation Educational Loan is a educational support initiative for eligible uppara community beneficiaries in karnataka, covering Higher education/professional education/research.. Eligibility: Primarily intended for eligible uppara community beneficiaries in karnataka. Applicable study level: Higher education/professional. Applicants must satisfy the scheme's current official conditions and documentation requirements.. Benefits: Education-related financial assistance/support for eligible beneficiaries, subject to scheme rules.. Keywords: Karnataka Uppara Development Corporation Educational Loan, Educational support, Higher education/professional, Eligible Uppara community beneficiaries in Karnataka, Karnataka Uppara Development Corporation.",https://kudc.karnataka.gov.in/,Government of Karnataka,v1.0
CG047,Karnataka Savita Samaja Development Corporation Educational Loan,"Scheme Name: Karnataka Savita Samaja Development Corporation Educational Loan. Category: Educational support. Study Level: Higher education/professional. Target Group: Eligible Savita Samaja beneficiaries in Karnataka. Description: Karnataka Savita Samaja Development Corporation Educational Loan is a educational support initiative for eligible savita samaja beneficiaries in karnataka, covering Higher education/professional education/research.. Eligibility: Primarily intended for eligible savita samaja beneficiaries in karnataka. Applicable study level: Higher education/professional. Applicants must satisfy the scheme's current official conditions and documentation requirements.. Benefits: Education-related financial assistance/support for eligible beneficiaries, subject to scheme rules.. Keywords: Karnataka Savita Samaja Development Corporation Educational Loan, Educational support, Higher education/professional, Eligible Savita Samaja beneficiaries in Karnataka, Karnataka Savita Samaja Development Corporation.",https://kscdc.karnataka.gov.in/,Government of Karnataka,v1.0
CG048,Karnataka Ganga Kalyana Educational Assistance,"Scheme Name: Karnataka Ganga Kalyana Educational Assistance. Category: Educational support. Study Level: Higher education. Target Group: Eligible beneficiaries under applicable Karnataka schemes. Description: Karnataka Ganga Kalyana Educational Assistance is a educational support initiative for eligible beneficiaries under applicable karnataka schemes, covering Higher education education/research.. Eligibility: Primarily intended for eligible beneficiaries under applicable karnataka schemes. Applicable study level: Higher education. Applicants must satisfy the scheme's current official conditions and documentation requirements.. Benefits: Education-related financial assistance/support for eligible beneficiaries, subject to scheme rules.. Keywords: Karnataka Ganga Kalyana Educational Assistance, Educational support, Higher education, Eligible beneficiaries under applicable Karnataka schemes, Karnataka Development Corporation schemes.",https://karnataka.gov.in/,Government of Karnataka,v1.0
CG049,Karnataka State Scholarship Portal Educational Assistance,"Scheme Name: Karnataka State Scholarship Portal Educational Assistance. Category: Scholarship. Study Level: School/UG/PG. Target Group: Eligible Karnataka students under SSP-linked schemes. Description: Karnataka State Scholarship Portal Educational Assistance is a scholarship initiative for eligible karnataka students under ssp-linked schemes, covering School/UG/PG education/research.. Eligibility: Primarily intended for eligible karnataka students under ssp-linked schemes. Applicable study level: School/UG/PG. Applicants must satisfy the scheme's current official conditions and documentation requirements.. Benefits: Scholarship-based financial assistance toward eligible education expenses, subject to the applicable scheme rules.. Keywords: Karnataka State Scholarship Portal Educational Assistance, Scholarship, School/UG/PG, Eligible Karnataka students under SSP-linked schemes, Government of Karnataka.",https://ssp.postmatric.karnataka.gov.in/,Government of Karnataka,v1.0
CG050,National Fellowship for OBC Students,"Scheme Name: National Fellowship for OBC Students. Category: Fellowship. Study Level: MPhil/PhD. Target Group: Eligible Other Backward Class research scholars. Description: National Fellowship for OBC Students is a fellowship initiative for eligible other backward class research scholars, covering MPhil/PhD education/research.. Eligibility: Primarily intended for eligible other backward class research scholars. Applicable study level: MPhil/PhD. Applicants must satisfy the scheme's current official conditions and documentation requirements.. Benefits: Financial support for eligible academic or research study, subject to the applicable fellowship rules.. Keywords: National Fellowship for OBC Students, Fellowship, MPhil/PhD, Eligible Other Backward Class research scholars, Ministry of Social Justice and Empowerment.",https://socialjustice.gov.in/,Ministry of Social Justice and Empowerment,v1.0
CG051,National Fellowship for Students from Minority Communities,"Scheme Name: National Fellowship for Students from Minority Communities. Category: Fellowship. Study Level: MPhil/PhD. Target Group: Students belonging to notified minority communities. Description: National Fellowship for Students from Minority Communities is a fellowship initiative for students belonging to notified minority communities, covering MPhil/PhD education/research.. Eligibility: Primarily intended for students belonging to notified minority communities. Applicable study level: MPhil/PhD. Applicants must satisfy the scheme's current official conditions and documentation requirements.. Benefits: Financial support for eligible academic or research study, subject to the applicable fellowship rules.. Keywords: National Fellowship for Students from Minority Communities, Fellowship, MPhil/PhD, Students belonging to notified minority communities, Ministry of Minority Affairs.",https://minorityaffairs.gov.in/,Ministry of Minority Affairs,v1.0
CG052,UGC Emeritus Fellowship,"Scheme Name: UGC Emeritus Fellowship. Category: Fellowship. Study Level: Research/Academic. Target Group: Retired teachers and eligible academic researchers. Description: UGC Emeritus Fellowship is a fellowship initiative for retired teachers and eligible academic researchers, covering Research/Academic education/research.. Eligibility: Primarily intended for retired teachers and eligible academic researchers. Applicable study level: Research/Academic. Applicants must satisfy the scheme's current official conditions and documentation requirements.. Benefits: Financial support for eligible academic or research study, subject to the applicable fellowship rules.. Keywords: UGC Emeritus Fellowship, Fellowship, Research/Academic, Retired teachers and eligible academic researchers, University Grants Commission.",https://www.ugc.gov.in/,University Grants Commission,v1.0
CG053,UGC Junior Research Fellowship,"Scheme Name: UGC Junior Research Fellowship. Category: Fellowship. Study Level: MPhil/PhD. Target Group: Eligible postgraduate students qualifying through UGC-NET. Description: UGC Junior Research Fellowship is a fellowship initiative for eligible postgraduate students qualifying through ugc-net, covering MPhil/PhD education/research.. Eligibility: Primarily intended for eligible postgraduate students qualifying through ugc-net. Applicable study level: MPhil/PhD. Applicants must satisfy the scheme's current official conditions and documentation requirements.. Benefits: Financial support for eligible academic or research study, subject to the applicable fellowship rules.. Keywords: UGC Junior Research Fellowship, Fellowship, MPhil/PhD, Eligible postgraduate students qualifying through UGC-NET, University Grants Commission.",https://www.ugc.gov.in/,University Grants Commission,v1.0
CG054,UGC Research Fellowship in Sciences,"Scheme Name: UGC Research Fellowship in Sciences. Category: Fellowship. Study Level: PhD/Research. Target Group: Eligible science research scholars. Description: UGC Research Fellowship in Sciences is a fellowship initiative for eligible science research scholars, covering PhD/Research education/research.. Eligibility: Primarily intended for eligible science research scholars. Applicable study level: PhD/Research. Applicants must satisfy the scheme's current official conditions and documentation requirements.. Benefits: Financial support for eligible academic or research study, subject to the applicable fellowship rules.. Keywords: UGC Research Fellowship in Sciences, Fellowship, PhD/Research, Eligible science research scholars, University Grants Commission.",https://www.ugc.gov.in/,University Grants Commission,v1.0
CG055,INSPIRE Scholarship for Higher Education,"Scheme Name: INSPIRE Scholarship for Higher Education. Category: Scholarship. Study Level: UG. Target Group: Students pursuing basic and natural sciences. Description: INSPIRE Scholarship for Higher Education is a scholarship initiative for students pursuing basic and natural sciences, covering UG education/research.. Eligibility: Primarily intended for students pursuing basic and natural sciences. Applicable study level: UG. Applicants must satisfy the scheme's current official conditions and documentation requirements.. Benefits: Scholarship-based financial assistance toward eligible education expenses, subject to the applicable scheme rules.. Keywords: INSPIRE Scholarship for Higher Education, Scholarship, UG, Students pursuing basic and natural sciences, Department of Science and Technology.",https://online-inspire.gov.in/,Department of Science and Technology,v1.0
CG056,INSPIRE Fellowship,"Scheme Name: INSPIRE Fellowship. Category: Fellowship. Study Level: PhD. Target Group: Students pursuing doctoral research in science. Description: INSPIRE Fellowship is a fellowship initiative for students pursuing doctoral research in science, covering PhD education/research.. Eligibility: Primarily intended for students pursuing doctoral research in science. Applicable study level: PhD. Applicants must satisfy the scheme's current official conditions and documentation requirements.. Benefits: Financial support for eligible academic or research study, subject to the applicable fellowship rules.. Keywords: INSPIRE Fellowship, Fellowship, PhD, Students pursuing doctoral research in science, Department of Science and Technology.",https://online-inspire.gov.in/,Department of Science and Technology,v1.0
CG057,Kishore Vaigyanik Protsahan Yojana / INSPIRE-linked Research Support,"Scheme Name: Kishore Vaigyanik Protsahan Yojana / INSPIRE-linked Research Support. Category: Scholarship/Fellowship. Study Level: School/UG. Target Group: Students interested in basic science research. Description: Kishore Vaigyanik Protsahan Yojana / INSPIRE-linked Research Support is a scholarship/fellowship initiative for students interested in basic science research, covering School/UG education/research.. Eligibility: Primarily intended for students interested in basic science research. Applicable study level: School/UG. Applicants must satisfy the scheme's current official conditions and documentation requirements.. Benefits: Financial support for eligible academic or research study, subject to the applicable fellowship rules.. Keywords: Kishore Vaigyanik Protsahan Yojana / INSPIRE-linked Research Support, Scholarship/Fellowship, School/UG, Students interested in basic science research, Department of Science and Technology.",https://online-inspire.gov.in/,Department of Science and Technology,v1.0
CG058,Scholarship Scheme for College and University Students under PM-USP,"Scheme Name: Scholarship Scheme for College and University Students under PM-USP. Category: Scholarship. Study Level: UG/PG. Target Group: Meritorious students with financial need. Description: Scholarship Scheme for College and University Students under PM-USP is a scholarship initiative for meritorious students with financial need, covering UG/PG education/research.. Eligibility: Primarily intended for meritorious students with financial need. Applicable study level: UG/PG. Applicants must satisfy the scheme's current official conditions and documentation requirements.. Benefits: Scholarship-based financial assistance toward eligible education expenses, subject to the applicable scheme rules.. Keywords: Scholarship Scheme for College and University Students under PM-USP, Scholarship, UG/PG, Meritorious students with financial need, Department of Higher Education, Ministry of Education.",https://scholarships.gov.in/,National Scholarship Portal,v1.0
CG059,National Scholarship Scheme for Jammu and Kashmir Students,"Scheme Name: National Scholarship Scheme for Jammu and Kashmir Students. Category: Scholarship. Study Level: UG/Professional. Target Group: Eligible students from Jammu and Kashmir. Description: National Scholarship Scheme for Jammu and Kashmir Students is a scholarship initiative for eligible students from jammu and kashmir, covering UG/Professional education/research.. Eligibility: Primarily intended for eligible students from jammu and kashmir. Applicable study level: UG/Professional. Applicants must satisfy the scheme's current official conditions and documentation requirements.. Benefits: Scholarship-based financial assistance toward eligible education expenses, subject to the applicable scheme rules.. Keywords: National Scholarship Scheme for Jammu and Kashmir Students, Scholarship, UG/Professional, Eligible students from Jammu and Kashmir, Ministry of Education.",https://scholarships.gov.in/,National Scholarship Portal,v1.0
CG060,Special Scholarship Scheme for Jammu and Kashmir,"Scheme Name: Special Scholarship Scheme for Jammu and Kashmir. Category: Scholarship. Study Level: UG/Professional. Target Group: Eligible students from Jammu and Kashmir. Description: Special Scholarship Scheme for Jammu and Kashmir is a scholarship initiative for eligible students from jammu and kashmir, covering UG/Professional education/research.. Eligibility: Primarily intended for eligible students from jammu and kashmir. Applicable study level: UG/Professional. Applicants must satisfy the scheme's current official conditions and documentation requirements.. Benefits: Scholarship-based financial assistance toward eligible education expenses, subject to the applicable scheme rules.. Keywords: Special Scholarship Scheme for Jammu and Kashmir, Scholarship, UG/Professional, Eligible students from Jammu and Kashmir, All India Council for Technical Education.",https://www.aicte-india.org/,AICTE,v1.0
CG061,Scholarship Scheme for Students from Wards of Coal Mine Workers,"Scheme Name: Scholarship Scheme for Students from Wards of Coal Mine Workers. Category: Scholarship. Study Level: School/UG/PG. Target Group: Eligible wards of coal mine workers. Description: Scholarship Scheme for Students from Wards of Coal Mine Workers is a scholarship initiative for eligible wards of coal mine workers, covering School/UG/PG education/research.. Eligibility: Primarily intended for eligible wards of coal mine workers. Applicable study level: School/UG/PG. Applicants must satisfy the scheme's current official conditions and documentation requirements.. Benefits: Scholarship-based financial assistance toward eligible education expenses, subject to the applicable scheme rules.. Keywords: Scholarship Scheme for Students from Wards of Coal Mine Workers, Scholarship, School/UG/PG, Eligible wards of coal mine workers, Ministry of Coal.",https://scholarships.gov.in/,National Scholarship Portal,v1.0
CG062,Scholarship for Children of Railway Employees,"Scheme Name: Scholarship for Children of Railway Employees. Category: Scholarship. Study Level: School/UG. Target Group: Eligible children of railway employees. Description: Scholarship for Children of Railway Employees is a scholarship initiative for eligible children of railway employees, covering School/UG education/research.. Eligibility: Primarily intended for eligible children of railway employees. Applicable study level: School/UG. Applicants must satisfy the scheme's current official conditions and documentation requirements.. Benefits: Scholarship-based financial assistance toward eligible education expenses, subject to the applicable scheme rules.. Keywords: Scholarship for Children of Railway Employees, Scholarship, School/UG, Eligible children of railway employees, Ministry of Railways.",https://indianrailways.gov.in/,Ministry of Railways,v1.0
CG063,National Award Scholarship for Meritorious Students,"Scheme Name: National Award Scholarship for Meritorious Students. Category: Scholarship. Study Level: UG/PG. Target Group: High-performing students meeting scheme conditions. Description: National Award Scholarship for Meritorious Students is a scholarship initiative for high-performing students meeting scheme conditions, covering UG/PG education/research.. Eligibility: Primarily intended for high-performing students meeting scheme conditions. Applicable study level: UG/PG. Applicants must satisfy the scheme's current official conditions and documentation requirements.. Benefits: Scholarship-based financial assistance toward eligible education expenses, subject to the applicable scheme rules.. Keywords: National Award Scholarship for Meritorious Students, Scholarship, UG/PG, High-performing students meeting scheme conditions, Department of Higher Education, Ministry of Education.",https://scholarships.gov.in/,National Scholarship Portal,v1.0
CG064,Scholarship for Higher Education of Children of Personnel in Armed Forces,"Scheme Name: Scholarship for Higher Education of Children of Personnel in Armed Forces. Category: Scholarship. Study Level: UG/Professional. Target Group: Eligible wards of armed forces personnel. Description: Scholarship for Higher Education of Children of Personnel in Armed Forces is a scholarship initiative for eligible wards of armed forces personnel, covering UG/Professional education/research.. Eligibility: Primarily intended for eligible wards of armed forces personnel. Applicable study level: UG/Professional. Applicants must satisfy the scheme's current official conditions and documentation requirements.. Benefits: Scholarship-based financial assistance toward eligible education expenses, subject to the applicable scheme rules.. Keywords: Scholarship for Higher Education of Children of Personnel in Armed Forces, Scholarship, UG/Professional, Eligible wards of armed forces personnel, Ministry of Defence.",https://scholarships.gov.in/,National Scholarship Portal,v1.0
,,Scheme Name: . Category: . Study Level: . Target Group: . Description: . Eligibility: . Benefits: . Keywords: .,,,
,,Scheme Name: . Category: . Study Level: . Target Group: . Description: . Eligibility: . Benefits: . Keywords: .,,,
,,Scheme Name: . Category: . Study Level: . Target Group: . Description: . Eligibility: . Benefits: . Keywords: .,,,
